name,img,posts,followers,following
pheiyong,https://instagram.fkul8-1.fna.fbcdn.net/v/t51.2885-19/34871980_186242792216239_4833114960043180032_n.jpg?stp=dst-jpg_s320x320&_nc_ht=instagram.fkul8-1.fna.fbcdn.net&_nc_cat=1&_nc_ohc=0xtezNoTdn8AX8jcE_c&edm=ABfd0MgBAAAA&ccb=7-4&oh=00_AT8Evzw5L7a_yICj0z-PEb1uFs5MwWketIapEzg0mdxaDw&oe=6223CC34&_nc_sid=7bff83,"1,102",786k,282
elynleonggg,https://instagram.fkul8-1.fna.fbcdn.net/v/t51.2885-19/200598120_115842817368228_5808377214782223256_n.jpg?stp=dst-jpg_s320x320&_nc_ht=instagram.fkul8-1.fna.fbcdn.net&_nc_cat=1&_nc_ohc=RHpcF8M9COYAX88pHyL&edm=ABfd0MgBAAAA&ccb=7-4&oh=00_AT-G5il72NZcNLv7iPb3slDRJZnlWT3SBe_iA94NyfOEtw&oe=62227CC8&_nc_sid=7bff83,270,650k,471
changyonggggg,https://instagram.fkul8-1.fna.fbcdn.net/v/t51.2885-19/160304945_184263473247055_1653499285683491461_n.jpg?stp=dst-jpg_s320x320&_nc_ht=instagram.fkul8-1.fna.fbcdn.net&_nc_cat=1&_nc_ohc=V18X03vG6MUAX-kIEVZ&edm=ABfd0MgBAAAA&ccb=7-4&oh=00_AT_9cpf8MYJIWtOH0pEwrY0y_xZUR-ULYHMFnj8xu17j3w&oe=6222864E&_nc_sid=7bff83,"1,333",807k,546
wshusen,https://instagram.fkul8-1.fna.fbcdn.net/v/t51.2885-19/129609366_244563757095673_8806320393746664359_n.jpg?stp=dst-jpg_s320x320&_nc_ht=instagram.fkul8-1.fna.fbcdn.net&_nc_cat=1&_nc_ohc=GqglLQstH2UAX_2ydOW&edm=ABfd0MgBAAAA&ccb=7-4&oh=00_AT9naA0oiYGRtTEbyfA4ldJU8hlRWibZ9alnP_YfqOyyxg&oe=6222C8DF&_nc_sid=7bff83,"1,396",687k,654
brysonlew,https://instagram.fkul8-1.fna.fbcdn.net/v/t51.2885-19/269833183_1999190240249560_5003333588270680518_n.jpg?stp=dst-jpg_s320x320&_nc_ht=instagram.fkul8-1.fna.fbcdn.net&_nc_cat=104&_nc_ohc=6ne6wPfaM20AX_4VKb0&tn=Bi5waRv2Fpx3sLE2&edm=ABfd0MgBAAAA&ccb=7-4&oh=00_AT_N8daClxFU88Kojb1bR_fGDNzOTZt_bNIMnOSYTKDPZQ&oe=6223A8AE&_nc_sid=7bff83,812,325k,422
syc_joycechu_,https://instagram.fkul8-1.fna.fbcdn.net/v/t51.2885-19/240409178_4944264448921606_2601293025183364332_n.jpg?stp=dst-jpg_s320x320&_nc_ht=instagram.fkul8-1.fna.fbcdn.net&_nc_cat=110&_nc_ohc=gJK0MFLOANQAX_AhIum&edm=ABfd0MgBAAAA&ccb=7-4&oh=00_AT9QsAHI775hL_3dOszfY8mPizCe1TVTKTYZ_zjqzAnMhA&oe=6223CA1B&_nc_sid=7bff83,332,846k,162
caventang,https://instagram.fkul8-1.fna.fbcdn.net/v/t51.2885-19/247288825_256264309765152_6864852635314363796_n.jpg?stp=dst-jpg_s320x320&_nc_ht=instagram.fkul8-1.fna.fbcdn.net&_nc_cat=100&_nc_ohc=KHmxzFRIQ4IAX8zQIHE&edm=ABfd0MgBAAAA&ccb=7-4&oh=00_AT-TzgU48MaiztA3HstfxIthWdIOpXqkh6tm2oZW_7_Y_w&oe=62230F06&_nc_sid=7bff83,"1,642",164k,"1,478"
sofyank96,https://instagram.fkul8-1.fna.fbcdn.net/v/t51.2885-19/66661072_341510460099459_6143995135479775232_n.jpg?stp=dst-jpg_s320x320&_nc_ht=instagram.fkul8-1.fna.fbcdn.net&_nc_cat=103&_nc_ohc=ee7RUDE38fwAX-o7jRs&edm=ABfd0MgBAAAA&ccb=7-4&oh=00_AT98XVvK1ZS4BS-ryFmEhYrXlgFqMrDRRoGv29DDe2slLQ&oe=62237D34&_nc_sid=7bff83,474,804k,968
dannyleeyuxin,https://instagram.fkul8-1.fna.fbcdn.net/v/t51.2885-19/72094345_402616577293058_2115926659260481536_n.jpg?stp=dst-jpg_s320x320&_nc_ht=instagram.fkul8-1.fna.fbcdn.net&_nc_cat=1&_nc_ohc=cHQVc3bDPgIAX8dS11h&edm=ABfd0MgBAAAA&ccb=7-4&oh=00_AT-7cGGVTwzx6vUgRGxLnJUnnDBIBC1LnKcv2xb2QyZXuw&oe=6222D6C4&_nc_sid=7bff83,"1,155",188k,619
kevinong__,https://instagram.fkul8-1.fna.fbcdn.net/v/t51.2885-19/119738243_178002517159934_307005559472794861_n.jpg?stp=dst-jpg_s320x320&_nc_ht=instagram.fkul8-1.fna.fbcdn.net&_nc_cat=1&_nc_ohc=OUS9vBlvl1QAX-GzNw8&edm=ABfd0MgBAAAA&ccb=7-4&oh=00_AT8Fy7z7MYjkz2AoUbNgZzqt1_r8GA6PeczV_mdJKGmROg&oe=62230855&_nc_sid=7bff83,712,186k,"1,151"
pheiyong,https://instagram.fkul8-1.fna.fbcdn.net/v/t51.2885-19/34871980_186242792216239_4833114960043180032_n.jpg?stp=dst-jpg_s320x320&_nc_ht=instagram.fkul8-1.fna.fbcdn.net&_nc_cat=1&_nc_ohc=0xtezNoTdn8AX8jcE_c&edm=ABfd0MgBAAAA&ccb=7-4&oh=00_AT8Evzw5L7a_yICj0z-PEb1uFs5MwWketIapEzg0mdxaDw&oe=6223CC34&_nc_sid=7bff83,"1,102",786k,282
